{"simul+experi+design":[3,2,0,0],"concept+search+base":[9,6,0.30782997007438,0.16827493193946],"diagon+matrix+repres":[168,112,0.95563707216452,0.96717715241044],"run+simul+experi":[9,9,0.30782997007438,0.45600632324587],"end+procedur+process":[17,13,0.58165706342522,0.6323671203738],"term+concept+map":[10,4,0,0],"creat+custom+report":[216,188,0.96641825556594,0.98243230732281],"technolog+transfer+team":[1,1,0,0],"understand+patent+document":[1,1,0,0],"high+complex+comput":[14,14,0.50864068103925,0.66033632440425],"semant+index+lsi":[292,202,0.97610127927431,0.98389452997638],"unmet+market+need":[33,23,0.76841541372804,0.80194245926766],"document+collect+corpu":[5,5,0,0],"initi+meta+search":[1,1,0,0],"latent+semant+index":[1199,525,0.99544614931859,0.99504800577134],"queri+document+util":[2,2,0,0],"lsa+latent+semant":[12,10,0.44354065541172,0.51370084311436],"comput+pairwis+similar":[16,10,0.56011204999202,0.51370084311436],"determin+key+term":[70,28,0.88815366408796,0.84005515509127],"patent+technolog+descript":[1,1,0,0],"potenti+nearest+neighbor":[11,8,0.40259790677215,0.38440585059017],"4gram+3gram+2gram":[13,7,0.47706056728523,0.29221213868205],"prior+art+finder":[35,30,0.78068205451373,0.85176268640896],"ecommerc+web+applic":[13,11,0.47706056728523,0.56036219792055],"relev+result+result":[3,3,0,0],"busi+owner+receiv":[4,4,0,0],"intellectu+properti+busi":[90,16,0.9135381329116,0.7061488623927],"knowledg+worker+initi":[7,6,0.1798308225363,0.16827493193946],"busi+intellig+servic":[156,58,0.9518543283016,0.92967853330036],"input+patent+document":[32,31,0.76168651048336,0.85718914770356],"patent+applic+document":[1301,791,0.99586681199368,0.99703874587019],"creat+artifici+intellig":[18,15,0.60228554611904,0.68472885583599],"boolean+search+methodolog":[6,6,0.097068175038251,0.16827493193946],"price+strategi+base":[25,20,0.70134786036978,0.76942076867377],"includ+ventur+capitalist":[5,5,0,0],"action+busi+intellig":[26,23,0.71156181668312,0.80194245926766],"million+patent+document":[2,2,0,0],"inform+retriev+process":[1519,555,0.99656942219988,0.99538051511778],"patent+offic+includ":[19,15,0.61992462018259,0.68472885583599],"languag+languag+process":[5,4,0,0],"uniqu+defin+base":[28,26,0.73033492003362,0.82657371134459],"product+descript+page":[165,92,0.95474028759185,0.95864412487807],"rigor+scientif+method":[7,7,0.1798308225363,0.29221213868205],"applic+call+patent":[2,2,0,0],"data+feed+autom":[1,1,0,0],"potenti+competit+advantag":[41,41,0.81128407331888,0.89586124370884],"data+updat+search":[2,2,0,0],"relat+patent+document":[423,393,0.98441260409226,0.99290352286821],"provid+valid+result":[99,78,0.92164387844233,0.94981340655143],"princip+compon+analysi":[22438,7253,0.99985124405323,0.99983100590954],"creat+repeat+busi":[3,3,0,0],"spectral+decomposit+analysi":[61,20,0.87170345238133,0.76942076867377],"concept+search+technolog":[4,2,0,0],"patent+applic+weekli":[2,1,0,0],"multi+facet+search":[65,27,0.8795349654744,0.83356074596232],"small+busi+innov":[120,104,0.93607747653382,0.96414266079932],"languag+process+nlp":[1858,1029,0.99731707066176,0.9978834926966],"option+bulk+purchas":[6,3,0,0],"issu+latent+semant":[1,1,0,0],"patent+document+correl":[5,5,0,0],"match+search+servic":[1,1,0,0],"matrix+repres+eigenvalu":[1,1,0,0],"natur+languag+end":[3,1,0,0],"custom+want+initi":[4,2,0,0],"optim+product+price":[54,25,0.85536261610098,0.81908141637487],"singl+search+term":[300,168,0.97683481694208,0.9798590888497],"multipl+search+method":[12,8,0.44354065541172,0.38440585059017],"relev+document+patent":[4,4,0,0],"potenti+relev+patent":[15,15,0.53510020900076,0.68472885583599],"rank+term+frequenc":[4,2,0,0],"univers+technolog+transfer":[3,3,0,0],"applic+file+mean":[6,6,0.097068175038251,0.16827493193946],"approxim+million+patent":[1,1,0,0],"latent+semant+analysi":[1775,605,0.99716744257399,0.99585265647439],"filter+correl+comput":[7,6,0.1798308225363,0.16827493193946],"gener+market+face":[2,1,0,0],"mid+rang+compani":[2,2,0,0],"googl+patent+search":[6,4,0,0],"patent+document+task":[1,1,0,0],"patent+document+repres":[86,65,0.90929702304733,0.93812861798748],"effici+program+object":[2,2,0,0],"phrase+semant+analysi":[9,9,0.30782997007438,0.45600632324587],"semant+analysi+lsa":[412,210,0.9839342682983,0.9846403447059],"exist+patent+document":[59,57,0.86737624654666,0.92829131477268],"nearest+neighbor+patent":[5,5,0,0],"applic+document+object":[19,19,0.61992462018259,0.75613573555254],"profession+patent+attorney":[2,2,0,0],"input+paramet+develop":[6,4,0,0],"multipl+term+share":[1,1,0,0],"optim+featur+includ":[25,21,0.70134786036978,0.78115893673936],"facilit+effici+program":[68,32,0.88486269593542,0.86234298666698],"purchas+subscript+base":[3,3,0,0],"allow+interest+parti":[37,36,0.79213277385116,0.87933289711375],"result+retriev+base":[344,124,0.98020812414994,0.97088560775034],"patent+search+option":[1,1,0,0],"gener+technolog+space":[4,4,0,0],"extract+relev+concept":[3,3,0,0],"current+option+select":[24,24,0.69063087996343,0.8108688223905],"small+busi+owner":[884,473,0.99346077624127,0.99436625986134],"natur+languag+process":[17233,4881,0.99979650043361,0.99971255127183],"product+price+strategi":[4,4,0,0],"search+methodolog+base":[42,39,0.81564003744392,0.88993457600754],"unit+state+gener":[241,238,0.97029315566107,0.98680833069082],"market+need+enabl":[2,2,0,0],"comput+optim+matrix":[1,1,0,0],"term+frequenc+vector":[278,63,0.9747236990228,0.93590148295277],"input+queri+document":[31,26,0.75429493661771,0.82657371134459],"provid+inform+data":[386,233,0.98267029000254,0.9864646847747],"fast+search+interfac":[1,1,0,0],"search+engin+implement":[527,280,0.98795072358632,0.98920656189942],"multipl+search+strategi":[16,15,0.56011204999202,0.68472885583599],"machin+physic+locat":[120,78,0.93607747653382,0.94981340655143],"util+patent+grant":[5,4,0,0],"natur+languag+prefer":[114,35,0.93250093811064,0.87546951375232],"initi+data+feed":[14,12,0.50864068103925,0.59959349284419],"major+technic+challeng":[321,309,0.97856536830962,0.99044180426741],"report+patent+document":[372,291,0.98191570913785,0.98970504638672],"patent+profession+patent":[18,18,0.60228554611904,0.74133259566604],"highli+competit+cost":[53,51,0.85266886326931,0.91850399194589],"payment+option+bulk":[6,3,0,0],"drive+addit+traffic":[18,14,0.60228554611904,0.66033632440425],"fast+patent+document":[10,10,0.35876016435609,0.51370084311436],"data+cleans+procedur":[4,2,0,0],"custom+report+base":[167,111,0.9553316886394,0.96682673062964],"determin+prior+art":[118,118,0.93491560582268,0.96914130339012],"determin+concept+base":[2,2,0,0],"close+relat+patent":[61,60,0.87170345238133,0.93230260430247],"stopword+filter+term":[2,2,0,0],"program+object+perform":[12,8,0.44354065541172,0.38440585059017],"term+document+matrix":[1080,121,0.99484551252148,0.97004260520592],"prior+research+suggest":[9,9,0.30782997007438,0.45600632324587],"properti+busi+servic":[72,18,0.89133968460698,0.74133259566604],"relev+busi+intellig":[6,5,0,0],"unit+state+patent":[67782,42169,0.99997298599163,0.99999230726914],"futur+patent+public":[1,1,0,0],"gener+purpos+comput":[58845,43958,0.99996491309674,0.9999928216087],"custom+report+featur":[10,10,0.35876016435609,0.51370084311436],"phrase+natur+languag":[31,30,0.75429493661771,0.85176268640896],"patent+data+object":[25,3,0,0],"busi+innov+research":[119,103,0.93549276190059,0.96373675743344],"total+storag+capac":[4262,2053,0.99900251668585,0.99912264851779],"smart+search+technolog":[5,2,0,0],"commerci+applic+call":[11,7,0.40259790677215,0.29221213868205],"product+price+model":[6,5,0,0],"result+set+base":[1422,482,0.99628646835224,0.99449746117519],"gener+nich+market":[1,1,0,0],"document+repres+prior":[20,20,0.63650844836277,0.76942076867377],"perform+semant+analys":[6,4,0,0],"potenti+relev+document":[278,100,0.9747236990228,0.96244936550624],"entir+patent+collect":[1,1,0,0],"hidden+semant+structur":[2,2,0,0],"pca+princip+compon":[422,338,0.98436917594304,0.99144722630091],