{"close+relat+patent+document":[4,4,0,0],"lsa+latent+semant+analysi":[11,9,0.508015533771,0.53539267715139],"larg+document+collect+corpu":[1,1,0,0],"creat+custom+report+base":[8,8,0.3361950665812,0.45816020627942],"pca+princip+compon+analysi":[360,298,0.98973513053702,0.99323031748328],"latent+semant+analysi+lsa":[409,208,0.99102552703392,0.98994781527039],"construct+term+document+matrix":[1,1,0,0],"natur+languag+languag+process":[2,1,0,0],"payment+option+bulk+purchas":[6,3,0,0],"patent+document+repres+prior":[2,2,0,0],"latent+semant+index+lsi":[288,198,0.98699610682542,0.98938942937412],"small+busi+innov+research":[119,103,0.96560182746084,0.9777383933544],"natur+languag+process+nlp":[1848,1024,0.99844073956604,0.9986595730469],"document+repres+prior+art":[8,8,0.3361950665812,0.45816020627942],"natur+languag+process+method":[304,120,0.98772475552093,0.98126998619407],"approxim+million+patent+document":[1,1,0,0],"patent+profession+patent+attorney":[1,1,0,0],"issu+latent+semant+analysi":[1,1,0,0]}