{"hear+impair+visual+impair":[41,35,0.8845251065746,0.91922527551033],"latent+semant+analysi+discours":[20,12,0.74092318798844,0.68203685444234],"feder+emerg+manag+agenc":[407,311,0.99097983166587,0.99354390360533],"natur+languag+process+method":[304,120,0.98772475552093,0.98126998619407],"patent+document+repres+prior":[2,2,0,0],"http+www+linkedin+com":[8,7,0.3361950665812,0.35403660849244],"http+support+googl+com":[2,2,0,0],"nation+scienc+foundat+program":[1,1,0,0],"artifici+intellig+research+artifici":[2,2,0,0],"close+relat+patent+document":[4,4,0,0],"intellig+research+artifici+intellig":[1,1,0,0],"approxim+million+patent+document":[1,1,0,0],"emerg+manag+agenc+fema":[272,215,0.98618522416166,0.99029997482995],"small+busi+innov+research":[119,103,0.96560182746084,0.9777383933544],"creat+custom+report+base":[8,8,0.3361950665812,0.45816020627942],"22nd+annual+intern+acm":[7,7,0.25112471208158,0.35403660849244],"naval+postgradu+school+np":[1,1,0,0],"http+www+googl+com":[617,387,0.99415594727648,0.99495992918766],"thoma+probabilist+latent+semant":[8,5,0,0],"intern+acm+sigir+confer":[205,150,0.98124300248206,0.98536107081986],"natur+languag+process+nlp":[1848,1024,0.99844073956604,0.9986595730469],"nation+flood+insur+program":[28,15,0.82118093109731,0.7617959739417],"acm+comput+survey+csur":[33,33,0.85200270014062,0.91328310824052],"document+repres+prior+art":[8,8,0.3361950665812,0.45816020627942],"african+american+nativ+hawaiian":[4,4,0,0],"india+japan+korea+malaysia":[1,1,0,0],"latent+semant+analysi+lsa":[409,208,0.99102552703392,0.98994781527039],"anim+welfar+assur+number":[8,6,0.3361950665812,0.2069051319039],"survey+acm+comput+survey":[56,55,0.91928556862422,0.95408261350964],"china+india+japan+korea":[2,2,0,0],"construct+term+document+matrix":[1,1,0,0],"www+googl+com+patent":[34,12,0.85682384900092,0.68203685444234],"semant+analysi+discours+process":[20,12,0.74092318798844,0.68203685444234],"special+flood+hazard+area":[19,9,0.7257463097562,0.53539267715139],"natur+languag+languag+process":[2,1,0,0],"issu+latent+semant+analysi":[1,1,0,0],"nation+scienc+foundat+project":[2,2,0,0],"japan+korea+malaysia+pakistan":[1,1,0,0],"cambodia+china+india+japan":[1,1,0,0],"lsa+latent+semant+analysi":[11,9,0.508015533771,0.53539267715139],"probabilist+latent+semant+index":[188,95,0.9793447646954,0.97561225379022],"latent+semant+index+proceed":[30,28,0.8345501660383,0.89253626102185],"latent+semant+index+lsi":[288,198,0.98699610682542,0.98938942937412],"pca+princip+compon+analysi":[360,298,0.98973513053702,0.99323031748328],"payment+option+bulk+purchas":[6,3,0,0],"patent+profession+patent+attorney":[1,1,0,0],"larg+document+collect+corpu":[1,1,0,0],"gender+male+femal+ethnic":[6,5,0,0],"access+novemb+http+www":[1,1,0,0],"sens+disambigu+comput+linguist":[4,4,0,0],"america+includ+central+america":[5,5,0,0],"hofmann+thoma+probabilist+latent":[8,5,0,0],"web+applic+develop+web":[5,4,0,0],"nation+scienc+foundat+propos":[4,4,0,0],"employ+identif+number+ein":[90,49,0.9529089105083,0.94695320714688],"graduat+student+undergradu+student":[1,1,0,0],"includ+digit+zip+code":[11,10,0.508015533771,0.59576882124972],"taxpay+identif+number+tin":[36,33,0.86603975983612,0.91328310824052],"unpaid+feder+tax+liabil":[1,1,0,0],"scienc+foundat+program+solicit":[1,1,0,0],"annual+intern+acm+sigir":[200,149,0.98072597686567,0.98525406491927],"jordan+latent+dirichlet+alloc":[38,20,0.87434994689517,0.836427834274]}