{"patent+document+repres+prior+art":[2,2,0,0],"india+japan+korea+malaysia+pakistan":[1,1,0,0],"survey+acm+comput+survey+csur":[1,1,0,0],"feder+emerg+manag+agenc+fema":[272,215,0.98918011875352,0.99349481625872],"thoma+probabilist+latent+semant+index":[8,5,0,0],"cambodia+china+india+japan+korea":[1,1,0,0],"latent+semant+analysi+discours+process":[20,12,0.7441276701551,0.6678806713912],"probabilist+latent+semant+index+proceed":[20,20,0.7441276701551,0.82049963590474],"nation+scienc+foundat+program+solicit":[1,1,0,0],"china+india+japan+korea+malaysia":[1,1,0,0],"http+www+googl+com+patent":[32,11,0.84324703963599,0.62906568296619],"annual+intern+acm+sigir+confer":[196,145,0.98246905796959,0.98756335837551],"hofmann+thoma+probabilist+latent+semant":[8,5,0,0],"artifici+intellig+research+artifici+intellig":[1,1,0,0],"22nd+annual+intern+acm+sigir":[6,6,0.15174389229544,0.202881702293]}