{"term-concepts": {"believ": [-0.003211108032253177, 0.002230755656750114, -0.0029475469504986885], "compani": [-0.009068851246988875, 0.006036741180103612, -0.004546084253826718], "knowledg": [-0.012799324765691683, 0.009113863343754141, -0.009926091411463929], "congress": [-0.0012856077832809408, 0.000904657127371916, -0.001141068339903845], "applic": [-0.03866050944242228, 0.026039983300363733, -0.013674372122871797], "support": [-0.016671165758497742, 0.011395619239282164, -0.011717850662993462], "perform": [-0.06398560198713758, 0.04042095445364484, -0.0232308731096187], "statist": [-0.0023474094879838685, 0.0017664993406789461, 0.001769176302894044], "process": [-0.07089372354048731, 0.04861809811583654, -0.03794545425101341], "month": [-0.0008724275598590438, 0.0005872378861205634, -0.0003590246180824676], "form": [-0.05389830136292906, 0.009399164373499126, -0.006885360499681921], "project": [-0.009503196748740133, -0.002305460514517588, -0.00278583434607379], "employe": [-0.003155881641424238, 0.0021596309791845794, -0.0015813980068114632], "award": [-0.001039511930887425, 0.0006590546137207015, -0.0005354026222542695], "program": [-0.016105887067752154, 0.010791086911978862, -0.009370023547951007], "offer": [-0.0018310632230926717, 0.0008962751143960751, -0.0011820739291240417], "number": [-0.03904991057915048, 0.02182302180664487, -0.0003031713556122656], "solicit": [-0.0004425945026011743, 0.0002806066388268174, -0.0002279591510660486], "research": [-0.004519718451711083, 0.0030130525980827548, -0.003013874437293443], "valid": [-0.005637411465207868, 0.00375150246945316, -0.0012786158147339143], "gram": [-0.0011916378984770984, 0.0007416391199423493, -0.0005774326868815767], "identifi": [-0.04418286004427371, 0.03030338863194387, -0.030918343313152633], "concept": [-0.03654522452190605, 0.02484380022851644, -0.0226305310503183], "member": [-0.002645508337091858, 0.001664715618280438, -0.0015681006762782556], "past": [-0.002135585862392113, 0.0016484424087206734, 0.0020550771630191748], "anticip": [-0.001768933480670925, 0.00115547490574886, -0.0007917338061757485], "certif": [-0.0011788202728960865, 0.0007130622111992961, -0.000643186839307712], "determin": [-0.10580496548145275, 0.05670190433899055, -0.01797864565490864], "univers": [-0.0021402459909139735, 0.0014122584426251167, -0.000698523061716937], "defin": [-0.022087800466566575, 0.012995144055697159, 0.004533063056722855], "enabl": [-0.012900409104056796, 0.008755766643041273, -0.008243258116267808], "paid": [-0.003154015956085548, -0.0022798667020447684, -0.00041450921547213007], "common": [-0.0061934650633453615, 0.004656375623299146, 0.0047448092056653745], "inform": [-0.05243455846432277, 0.03378192407042019, -0.03002880868176082], "entrepreneurship": [-0.0011184172574798107, 0.0007090808981650643, -0.000576042962698812], "shaffer": [-0.0022535771634413916, 0.0014287767006903674, -0.0011607092587467768], "implement": [-0.08641245985848899, 0.059563916651257764, -0.035959340118772755], "manag": [-0.0024444093655178476, 0.001630457628979906, -0.002012872396372817], "scienc": [-0.00255653637752489, 0.0020644054647682574, 0.0028069175215303687], "mont": [-0.0008698800891509144, 0.0005515073652394255, -0.00044803341543236724], "cost": [-0.02046438418056577, -0.02139864798428689, -0.0009543396639126469], "propos": [-0.004971816801716975, -5.9735720451011725e-05, -0.0015304689176214355], "document": [-0.0944583457477176, 0.06681036436467115, -0.07917401956846835], "submit": [-0.006645232782540732, 0.0043006109690448754, -0.004966488416256058], "inventor": [-0.004474059115976471, 0.0030034418099472997, 0.0027713663267154268], "phrase": [-0.07292795110062396, 0.05784279299539081, 0.11418833189031807], "queri": [-0.07866625939908788, 0.05554426624102796, -0.03700576575035665], "search": [-0.021777102642482473, 0.015141647580974948, -0.015508190682800831], "term": [-0.07162751991694591, 0.048887379878687694, -0.05664798082411918], "offic": [-0.0021657643696270552, 0.0016776888883860235, 0.0035274105614555486], "relat": [-0.02017785667587277, 0.012423890023325465, -0.005921947426271565], "build": [-0.023216322155683408, 0.013782587678476598, -0.002432275546972488], "ascertain": [-0.001678646916717227, 0.0011937181271755239, -0.0012181093234575147], "provid": [-0.07077246976407178, 0.012635947617273614, -0.026824342014665388], "softwar": [-0.01916188065555335, 0.004936724112449538, -0.011618602200156675], "technolog": [-0.006440177225427752, 0.004553104032338908, -0.0009743410859204608], "includ": [-0.09700119449836576, 0.016337636454829375, -0.02264364765453613], "budget": [-0.0003772383083223559, 0.00023917055705150763, -0.0001942973173171165], "idea": [-0.0041596378882193, 0.002765609303106415, -0.0021289121167885343], "advanc": [-0.004294119700719167, 0.002865692180783385, -0.0014897556376381581], "searcher": [-0.003917092551034344, 0.003402968008286796, 0.011101625740798256], "want": [-0.009108138181045758, 0.007087321937914394, 0.013103980152267138], "addit": [-0.01928733363116707, 0.013165339125496582, -0.0006530626437217899], "result": [-0.031035114344132874, 0.021071514032830724, 0.0013211787178912069], "corpu": [-0.14493886534199632, 0.10901103089456946, -0.11431794352291771], "make": [-0.007870455014722975, 0.003183043780504242, 0.0019967111979447114], "report": [-0.005825403017009716, 0.004008562916010593, 0.002515556531875082], "subset": [-0.025146204014816396, 0.018009683079670113, -0.0060055369453689555], "assess": [-0.004373124527461533, 0.0029888577492947067, -0.0021769316653317823], "repres": [-0.027495030338158546, 0.020223529072597703, 0.008030011182329034], "market": [-0.005461498505809999, 0.002483866938524273, -0.001839589782287059], "creat": [-0.03335310807129759, 0.023297661787046064, 0.010298676497418235], "person": [-0.019366423152092596, 0.013798409199874035, -0.010397146269628534], "origin": [-0.004290405553582782, 0.002646235577725307, -0.0018027347446867876], "equival": [-0.007005841789104357, 0.0023258394311747635, 0.00026120032140341084], "titl": [-0.0032435502223392785, 0.0022362350307860586, -0.0011550398107015272], "innov": [-0.0009177461323438101, 0.0005818546230913667, -0.00047268691317587985], "address": [-0.008410991462381839, 0.004809424712130732, -0.005072168402971107], "file": [-0.00795365768862235, 0.003949371952875725, -0.004139301887826095], "obtain": [-0.02192221921409742, 0.01431535840613883, -0.00874986722546392], "disclos": [-0.011379451072715197, 0.007793459838597607, -0.0033946186092190084], "total": [-0.005631730325906692, 0.003463558646667978, -0.0022892036620039908], "work": [-0.005244276613552042, 0.004228295534685035, 0.0055602676857116765], "develop": [-0.014854701371796517, 0.004282451013021349, -0.0036665785843863177], "sentenc": [-0.1542278258663166, 0.11380566609657115, 0.09822120371401435], "posit": [-0.010487949977447291, 0.0019604977818012096, -0.004985117089573591], "serv": [-0.0038974089156336737, 0.002158779412953188, -0.002640228488567016], "requir": [-0.019896468199233533, 0.013833437132136183, -0.00483879521907902], "certifi": [-0.0008219165146514027, 0.0005212848642081607, -0.0004413241898303462], "nsf": [-0.0015775040144095202, 0.0010001436904836793, -0.0008124964811236187], "question": [-0.07216123759215591, 0.05249563817710351, -0.05256014211494614], "index": [-0.008242352915360745, 0.004865036097229235, -0.005047657528084765], "construct": [-0.011920431235894348, 0.005719094020427245, -0.005525202283360941], "enter": [-0.005668093970826173, 0.003561080157971265, -0.0026442479961914906], "patent": [-0.0032787362642500966, 0.0022748898231554123, 0.002318933129733211], "filter": [-0.010636811379086942, 0.006922547170532836, -0.007334280603053017], "comput": [-0.03309843678664847, 0.024228622913061815, 0.022055164739780996], "copi": [-0.001696918053288527, 0.0010989565336586623, -0.000776738857252579], "servic": [-0.015776850521041545, 0.009767025352229423, -0.009438945922730887],