{"similarities": [1.0, 0.018122070283011733, 0.018614378881650715, 0.021085207459402715, 0.020400498556237327, 0.020318165157096956, 0.020597058873450723, 0.22057697798828035, 0.10084657198096404, 0.0876382374998428, 0.0955165868043095, 0.08773256008098727, 0.08949285028063562, 0.2954867365359415, -0.05703473766712335, -0.0024799218385524297, -0.002745712371232379, 0.10019088820902344, 0.09217306950791429, 0.0963493982889331, 0.09592009369950617, 0.26511758810807046, 0.26685058783601573, -0.01523852471453512, 0.049617163701244624, 0.061264353369505954, 0.06480882067262027, 0.06972137676602559, 0.07070250576036587, -0.004552703470687617, 0.03736810655913651, 0.018094326443982515, 0.046754626561979366, 0.2106791025089416, 0.06343643817538638, 0.043969551070017675, -0.005693234934910854, 0.044237265647653866, 0.04411003310310976, 0.09018678668147509, 0.0068059074909501, 0.09520847613443718, 0.12570577490237306, 0.3447997365003909, -0.07462243670059794, 0.13096212924678755, 0.04151700147338912, 0.22054113716438456, 0.5666196743261117, -0.16796483800160458, 0.0467322226782887, 0.14477496277445026, 0.03576591314088561, 0.14621490103471121, 0.03487848169760877, 0.19233234211858602, 0.5527178003038894, 0.055092922884796766, 0.06402347418854885, 0.06006777244723349, 0.00982775062946158, 0.05105171115968672, 0.0357536605214639, 0.05187809888081214, 0.0006373273052618631, -0.040847683643588546, 0.054696007114991674, 0.18070084171089482, 0.1120768125143893, 0.38425741597430985, 0.17517034238636062, 0.17937163290149644, 0.046414442806636334, 0.05346296599805129, -0.0034507448038413498, -0.00344581412499805, 0.02057560675189129, -0.05356940372631654, 0.32470334956313246, -0.19205736247277744, -0.013388970523764702, 0.17727120852847358, 0.18095141080410984, 0.014477297139331931, 0.013674267651049878, 0.019059820353256512, 0.01680590892935223, 0.03598945964378068, 0.03972120706142095, -0.15766183375069978, 0.01762151235071854, 0.34791780395082217, 0.07684328626758943, 0.012383721945058993, 0.07731858308836553, -0.03091530541538325, -0.03059483686857299, 0.12541111152507795, 0.2814467880627855, 0.3004658112556356, 0.5669730746796607], "term-concepts": {"inventor": [-0.005870416919799322, -0.002435850523322333, -0.0007373964879435652], "enhanc": [-0.00443603277190853, 0.0015117795769870389, 0.0044540187770272695], "100": [-0.0007326448983643527, 0.0003048999992503838, 0.0005870585987020768], "outlin": [-0.0031679854238093985, 0.0016200947734077088, 0.00027237547809883786], "search": [-0.02719774812881892, 0.015133008893126665, -0.004818274570008667], "googl": [-0.0017141090968383428, 0.001141635335193307, -0.000113216491561959], "cleans": [-0.0008541252285703019, 0.0003554556677214574, 0.0006843991692565272], "correl": [-0.011747090936286448, 0.0059102231611682056, -0.00011258825517023813], "corpu": [-0.15841483010209023, 0.06756570391247263, 0.2021134146036922], "varianc": [-0.002941596054009991, 0.0009327053989434282, -0.000763748404109186], "level": [-0.01963485620452992, -0.0224539870641996, 0.0014954009956635785], "propos": [-0.0023231768245245087, 0.0008165696505125956, -7.214116726956353e-05], "develop": [-0.01521104183921177, 0.00342828932948163, -0.0011611219108177396], "identifi": [-0.06587089342956529, 0.03657381726241824, 0.0005796750880224465], "consid": [-0.022445453684225368, -0.004452854753793122, 0.0033093124567534957], "offer": [-0.003240144449608539, 0.0017499255623220067, 0.0002561978202707633], "goal": [-0.004327997916438393, 0.0018955646870262243, -0.0016798876962528517], "requir": [-0.023413560715872406, 0.0036660690590114664, -0.013662610353251226], "educ": [-0.0009734076635473821, 0.0004432209767354631, 0.0005647153216424648], "svd": [-0.0016864008904632756, 0.00116969116720171, -0.00010781795894258939], "subset": [-0.01778311213609809, -0.0068225081643003066, 0.008382934297728238], "abil": [-0.008374777267647009, 0.004305915245173479, -0.0021738434192163287], "month": [-0.0018243290491877803, 0.0005723906502812046, 0.000336489335425846], "relat": [-0.04922409540396941, 0.01499776902197679, 0.08635974444902506], "want": [-0.012913324095680337, -0.015771067489144037, -0.002860819187535682], "pay": [-0.002365271129691241, 0.0010883168720081861, 0.00041728192565483065], "anticip": [-0.004054441584236587, 0.001438274617310385, -0.001659994663067635], "reduc": [-0.01257709395081463, 0.0004647168240048728, 0.004091583279332407], "util": [-0.034066303757944554, 0.012668204072986425, -0.004730667870351065], "innov": [-0.0018843375239383344, 0.0007841923296252584, 0.0015098945597717681], "defin": [-0.02805082784140074, -0.006422657871202698, 0.00785269927096033], "number": [-0.053305648523162504, 0.001318567693549505, 0.010750265307722945], "idea": [-0.00793134478450886, 0.00298447524970622, 0.005411243195756745], "complex": [-0.006501310146304245, 0.0020343208340178674, -0.0009153080468023904], "concept": [-0.14360866095973268, 0.05326615906023446, 0.4019565470030718], "document": [-0.14718819548051368, 0.08026668767743923, 0.09677867435638324], "addit": [-0.023340777355139557, -0.0014057961093802208, -0.0031057227172364217], "eigenvalu": [-0.0021743933444253348, 0.00015088303458027502, -0.00046857140466234637], "believ": [-0.0038102552382293987, 0.0024133276232036482, 0.0009431332132900465], "valid": [-0.010183189505598505, 0.003019303168653964, -0.005076576164482016], "includ": [-0.09446453817089612, 0.02545703836230455, -0.028455249975576], "matrix": [-0.008485196058551312, 0.002252136855905312, 0.010711051065106123], "queri": [-0.09110898032011576, 0.04979282300516079, -0.041344746199382984], "success": [-0.009134601537435914, 0.004492422615587028, 0.0020081454870625385], "term": [-0.15051632417376307, 0.09718665851161988, -0.020104076290643223], "creat": [-0.04733303074812734, -0.006964265579068777, -0.012214250254388126], "repres": [-0.03809147446812102, -0.009309337974603938, 0.015984277403531585], "assign": [-0.026762929824279226, 0.002091373358128444, 0.011562036208892013], "error": [-0.010345601946667084, 0.005780162805933453, -0.0006993173783494528], "softwar": [-0.016643894400337495, 0.010606186209640163, -0.004143461028761656], "inform": [-0.06652578107335297, 0.026522209368565027, 0.003293728529981459], "perform": [-0.07967509438172889, 0.019461707451919073, -0.0021368667895320242], "research": [-0.0029212393630400958, 0.0017900385082150684, 0.0010997688751574635], "technolog": [-0.009250831071293857, 0.0009175058618033242, -0.003285851970211288], "index": [-0.009087623716016135, 0.004769799612741632, -0.000768363677659083], "implement": [-0.11344087996166206, 0.033591906612184676, -0.002675147459239672], "strike": [-0.0018725225372096374, 4.0460682844722005e-05, 6.936231636344937e-05], "ascertain": [-0.002705814790388657, 0.001221572258732544, 0.0022027972550997055], "searcher": [-0.005591875736777564, -0.011363721723707636, 0.0016043774647440214], "process": [-0.08165572411342624, 0.03158247830990912, -0.0161693684346028], "report": [-0.016439078125689822, 0.0006474759311213604, -0.003021872249534883], "servic": [-0.015584538013575497, 0.007522965961717605, -0.006487757538768382], "captur": [-0.008978529266819173, -0.001179788663526706, -0.0033557241102183536], "copi": [-0.003925369110260033, 0.001927614663340507, -0.0015559533193879715], "determin": [-0.10958716322198368, 0.017110732137039775, -0.09576915073410068], "work": [-0.006470600158274741, -0.007853682687115487, 0.002336536031919298], "minut": [-0.002587040124271327, 0.0009228566241270908, -0.0004573272189848371], "posit": [-0.009994898444412247, 0.005009213819618806, -0.004987857966680514], "question": [-0.07873380792340501, 0.041206710018420044, -0.0034319131235501952], "filter": [-0.008556913329725694, 0.005058558089269213, -0.0007790861365420755], "competitor": [-0.0025572896534132297, 0.0010889411576461068, 5.121288176605023e-05], "issu": [-0.009998994887253289, 0.0046765239365813465, -0.003120011910394812],